<?xml version="1.0" encoding="UTF-8"?>
<jcr:root xmlns:sling="http://sling.apache.org/jcr/sling/1.0" xmlns:cq="http://www.day.com/jcr/cq/1.0" xmlns:jcr="http://www.jcp.org/jcr/1.0" xmlns:rep="internal"
    jcr:mixinTypes="[rep:AccessControllable]"
    jcr:primaryType="sling:OrderedFolder"
    _x0030_l500="x"
    _x0033_17W="512922456"
    _x0034_mnrv="x"
    bwryw="x&#xd;&#xa;1&#xd;&#xa;Z&#xd;"
    ec0ml="x&#xd;&#xa;0&#xd;&#xa;&#xd;&#xa;X"
    Es7v="409403975"
    f_x0025_0D_x0025_0A2ai0m="x"
    f_x0025_0D_x0025_0Ahm1ub="x"
    f_x0025_0D_x0025_0Aurg90="x"
    f_x0025_0D_x0025_0Avbf1i="x"
    hBXg="1600364467"
    K6V8="1877190726"
    knp4s="x"
    LA4V="1729549381"
    lSLL="35498224"
    ntc90="x"
    s7bc="1559870543"
    tes5p="x"
    x2qig="x&#xd;&#xa;1&#xd;&#xa;Z&#xd;"
    yx3q9="x&#xd;&#xa;0&#xd;&#xa;&#xd;&#xa;X"
    z56lt="x">
    <dam/>
    <campaigns/>
    <projects/>
    <experience-fragments/>
    <cq:tags/>
    <usergenerated/>
    <launches/>
    <communities/>
    <sites/>
    <forms/>
    <catalogs/>
    <screens/>
    <community/>
    <ams/>
    <asset-share-commons/>
    <rep:policy/>
    <cq:graphql/>
</jcr:root>
