<?xml version="1.0" encoding="UTF-8"?>
<jcr:root xmlns:sling="http://sling.apache.org/jcr/sling/1.0" xmlns:jcr="http://www.jcp.org/jcr/1.0" xmlns:rep="internal"
    jcr:mixinTypes="[rep:AccessControllable]"
    jcr:primaryType="sling:OrderedFolder"
    imageProfile="/conf/global/settings/dam/adminui-extension/imageprofile/tsc_aspect_ratios">
    <rep:policy/>
    <jcr:content/>
    <creative/>
    <product/>
    <Pic1.png/>
    <test_crop2/>
    <test/>
    <_x0031_016001_testing.jpg/>
    <_x0031_016001_oldcode.jpg/>
    <_x0031_055995_new.jpg/>
    <cma-pet-hub/>
    <new-nc-logo-for-pel/>
    <productsTest/>
    <ask-for-assistance/>
    <plp-assets/>
    <gift-card/>
    <plcc/>
    <fencing-calculator/>
    <ffa/>
    <tablet-assets/>
    <navigation-icons/>
    <smvm-test/>
    <test-assets-crop/>
    <cma-assets-030623/>
    <productsTest1/>
    <productsTest2/>
    <pet-vet-images-31523/>
    <cma/>
    <carharttlogo041323/>
    <fences-041423/>
    <uploadtest/>
</jcr:root>
