<?xml version="1.0" encoding="UTF-8"?>
<jcr:root xmlns:sling="http://sling.apache.org/jcr/sling/1.0" xmlns:jcr="http://www.jcp.org/jcr/1.0" xmlns:rep="internal"
    jcr:lastModified="{Date}2020-05-09T07:46:53.550Z"
    jcr:lastModifiedBy="admin"
    jcr:mixinTypes="[rep:AccessControllable]"
    jcr:primaryType="sling:OrderedFolder">
    <jcr:content/>
    <product/>
    <external-agency-upload/>
    <creative/>
    <design-elements/>
    <rep:policy/>
    <petsense/>
    <folder-for-testing/>
    <product-testing/>
    <productsTest/>
    <test/>
    <test-scene7-upload/>
    <_x0032_/>
    <archieve/>
</jcr:root>
